"","TimeStep","PreyAbundance","PredatorAbundance"
"1",1,60,10
"2",2,66,10.1
"3",3,72.534,10.2616
"4",4,79.597651056,10.4928348944
"5",5,87.1651311620733,10.8033981601927
"6",6,95.181361218195,11.2049078698123
"7",7,103.552649628102,11.7111608596949
"8",8,112.135962181299,12.3383245539525
"9",9,120.727455661933,13.1049782218175
"10",10,129.051640022069,14.0318599879517
"11",11,136.75362258643,15.1411015325593
"12",12,143.398342258452,16.4546469404578
"13",13,148.482319773045,17.9914836871446
"14",14,151.464611387393,19.7633267368135
"15",15,151.823087625736,21.7686050038864
"16",16,149.137936900932,23.9851515786872
"17",17,143.194564054103,26.3629900224543
"18",18,134.083108230644,28.8198773847596
"19",19,122.257142491026,31.2431422540963
"20",20,108.511598044967,33.5006824358179
"21",21,93.8617917868849,35.4608609007346
"22",22,79.3499507197775,37.0162377981463
"23",23,65.8475744125883,38.1026625533534
"24",24,53.9274102171091,38.7064973334855
"25",25,43.8394806628278,38.8585136265815
"26",26,35.5720062282059,38.6191250019712
"27",27,28.9488099228673,38.0619285069706
"28",28,23.7200965709802,37.2606796152681
"29",29,19.6258466974311,36.2814725532792
"30",30,16.4304698540402,35.179453543903
"31",31,13.9364143155012,33.9984958176425
"32",32,11.9855259404164,32.7723881505789
"33",33,10.4546880454181,31.5265630513581
"34",34,9.24962183604019,30.2798352806364
"35",35,8.29877594721348,29.045920542208
"36",36,7.54807526905268,27.834670101858
"37",37,6.95670847268248,26.6530347817831
"38",38,6.49387623832766,25.5058004355831
"39",39,6.13633637211158,24.3961419251921
"40",40,5.86657431618637,23.3260377619673
"41",41,5.67144983909614,22.2965798079017
"42",42,5.54120046727619,21.3082047514705
"43",43,5.46871021947478,20.3608675480226
"44",44,5.44897541899729,19.4541718550587
"45",45,5.47871746044511,18.587468566541
"46",46,5.55610606672431,17.7599306267949
"47",47,5.68056669706779,16.9706101537553
"48",48,5.85265320779792,16.2184823289359
"49",49,6.0739723230769,15.5024793651171
"50",50,6.34715048166435,14.8215170274641
"51",51,6.67583658859858,14.1745155750307
"52",52,7.06473640930378,13.5604165459807
"53",53,7.51967600618739,12.9781964871793
"54",54,8.04769288014259,12.4268784955486
"55",55,8.65715444026087,11.9055422723622
"56",56,9.35790414684411,11.413333276891
"57",57,10.1614361882016,10.9494714918476
"58",58,11.0810998672525,10.5132602731141
"59",59,12.1323349705351,10.1040957464752
"60",60,13.3329392229361,9.72147723332205
"61",61,14.7033684164329,9.36501923676499
"62",62,16.2670688190682,9.03446560299188
"63",63,18.050839845808,8.72970659654965
"64",64,20.0852224582175,8.45079980239738
"65",65,22.4049050100509,8.19799600625853
"66",66,25.0491327941311,7.9717715277386
"67",67,28.0620997169294,7.77286891495447
"68",68,31.4932894345345,7.60234849178482
"69",69,35.3977177071017,7.46165402862955
"70",70,39.8360060191871,7.35269685013156
"71",71,44.8741864632335,7.27796408360408
"72",72,50.5830965822766,7.24065859678425
"73",73,57.0371665675276,7.24488060006546
"74",74,64.3123252655553,7.29586403160997
"75",75,72.4826505117247,7.40028481072364
"76",76,81.6152580378406,7.56666282781036
"77",77,91.7627582536379,7.80588482559692
"78",78,102.952414682296,8.13188010652407
"79",79,115.170930690019,8.56248279407144
"80",80,128.343625703918,9.12050776677835
"81",81,142.306760494211,9.83504141348851
"82",82,156.772183764253,10.742882225694
"83",83,171.284769452662,11.8899232208536
"84",84,185.176095766256,13.3319898175047
"85",85,197.523656687498,15.1341561498304
"86",86,207.134849389056,17.366802205933
"87",87,212.589119673913,20.0957320549318
"88",88,212.385603741088,23.363079438946
"89",89,205.24290717039,27.1569071988902
"90",90,190.553862771901,31.3728244222024
"91",91,168.882506529128,35.7823960808076
"92",92,142.228800437505,40.0362970165121
"93",93,113.731415538824,43.7287966643047
"94",94,86.7443192021813,46.5156947755302
"95",95,63.7434602874193,48.2248823122735
"96",96,45.7519436395244,48.8876590671977
"97",97,32.5352781443221,48.6799815361486
"98",98,23.2041663797959,47.8297991986802
"99",99,16.7464934705711,46.5481598572646
"100",100,12.3006076135175,45.0002703195181
"101",101,9.22542245919488,43.3037874712448
"102",102,7.07554961597962,41.538093831188
"103",103,5.55161110061766,39.7550939834844
"104",104,4.45488511009309,37.988044105375
"105",105,3.65353841164576,36.2578742721529
"106",106,3.05955073019558,34.5774500949231
"107",107,2.61354624937247,32.9543690528632
"108",108,2.27497782286149,31.3927783678586
"109",109,2.01579464158495,29.8945573240505
"110",110,1.81634068523819,28.4600907463144
"111",111,1.66267661500481,27.0887794297268
"112",112,1.54481313713747,25.7793803383273
"113",113,1.45553251042585,24.5302356468248
"114",114,1.38959345778741,23.3394284199559
"115",115,1.34318897893621,22.204889315999
"116",116,1.31357314864597,21.1244702128068
"117",117,1.29880240986602,20.0959952390174
"118",118,1.2975556213883,19.1172962041116
"119",119,1.30900919411206,18.1862371490614
"120",120,1.33275151659024,17.3007312432428
"121",121,1.36872606188277,16.4587522568832
"122",122,1.41719604265864,15.6583421671991
"123",123,1.47872584565087,14.8976159993931
"124",124,1.5541761166122,14.1747646892403
"125",125,1.64471053254849,13.4880565355169
"126",126,1.75181315258245,12.8358376573886
"127",127,1.87731589077267,12.2165317637518
"128",128,2.023436176825,11.6286394647745
"129",129,2.19282531438721,11.070737301316
"130",130,2.38862844723209,10.5414766292535
"131",131,2.61455742715383,10.0395824687433
"132",132,2.87497826349284,9.56385241021528
"133",133,3.17501523824518,9.11315565749913
"134",134,3.52067420508362,8.68643228270524
"135",135,3.91898806538108,8.2826927666419
"136",136,4.37818793744042,7.90101790241149
"137",137,4.90790411219012,7.54055914856476
"138",138,5.5194015220936,7.20053953238997
"139",139,6.22585513796264,6.88025522462544
"140",140,7.04267144214788,6.5790779357349
"141",141,7.9878628876408,6.29645832324182
"142",142,9.08248300753096,6.03193065284353
"143",143,10.3511305324666,5.78511902785841
"144",144,11.8225314169277,5.55574559866871
"145",145,13.5302079314661,5.34364129561999
"146",146,15.5132437393502,5.1487598086799
"147",147,17.817152828546,4.97119578411333
"148",148,20.4948578439935,4.81120854993383
"149",149,23.6077790599053,4.66925315772584
"150",150,27.2270279026627,4.5460211967619
"151",151,31.434687023492,4.44249478289414
"152",152,36.3251400971526,4.36001847685321
"153",153,42.0063852966045,4.30039583500841
"154",154,48.6012215121926,4.26602012763127
"155",155,56.2481279226463,4.26005291044819
"156",156,65.1015534965343,4.28667026598991
"157",157,75.3311752594077,4.35140564633376
"158",158,87.1194452976018,4.46163186538581
"159",159,100.656385424777,4.62724516535104
"160",160,116.130044781547,4.861644679902
"161",161,133.710223593967,5.18314546029589
"162",162,153.521872928598,5.61702772569731
"163",163,175.602881346909,6.19851295615336
"164",164,199.838690264623,6.97706404351236
"165",165,225.863554914069,8.02249818168466
"166",166,252.916366310813,9.43336323120737
"167",167,279.641120067706,11.347547020174
"168",168,303.836936493823,13.9534104279077
"169",169,322.208709012023,17.4953013845688
"170",170,330.279066085446,22.2576747882385
"171",171,322.822438879605,28.4960350911196
"172",172,295.395331190386,36.2703928830777
"173",173,247.333350247442,45.1709779570259
"174",174,185.077127176284,54.0847183712392
"175",175,121.994109608668,61.3903267529646
"176",176,71.5003490222703,65.8100686661294
"177",177,38.7459900386461,67.2250081116308
"178",178,20.4481930999638,66.4684572006904
"179",179,10.9462332409926,64.5041941885523
"180",180,6.07470034308939,61.9850624337348
"181",181,3.52423361138101,59.2623499920807
"182",182,2.14053667634205,56.5080868582082
"183",183,1.35906768731129,53.8036401477277
"184",184,0.899653336928538,51.1865809291258
"185",185,0.619082220925739,48.6733020610084
"186",186,0.441570905713702,46.2697697338977
"187",187,0.325571245570826,43.9767126313314
"188",188,0.247509963610063,41.7921945528723
"189",189,0.193572110802415,39.7129288097816
"190",190,0.155413378404343,37.7349696847484
"191",191,0.12785086285829,35.8540857196337
"192",192,0.107581277467445,34.0659654094482
"193",193,0.0924489321918317,32.3663319990527
"194",194,0.0810163903074107,30.7510076319324
"195",195,0.0723063120023448,29.2159485859724
"196",196,0.0656425994637959,27.7572636541677
"197",197,0.06055052995394,26.3712225303996
"198",198,0.0566927209472382,25.0542581953793
"199",199,0.0538273244525789,23.8029656796788
"200",200,0.051780289777358,22.6140986456514
"201",201,0.0504267019235737,21.4845646779498
"202",202,0.0496780849185613,20.4114198397913
"203",203,0.049473699421178,19.3918628480498
"204",204,0.0497745673678023,18.4232290928411
"205",205,0.0505593982652221,17.5029846464566
"206",206,0.0518218742025638,16.6287203545054
"207",207,0.0535689344994687,15.7981460682345
"208",208,0.0558198228799395,15.0090850546747
"209",209,0.0586057427625085,14.2594686064103
"210",210,0.0619700238242367,13.5473308628388
"211",211,0.0659687444258347,12.8708038481132
"212",212,0.0706717856148893,12.2281127264772
"213",213,0.0761643171270642,11.6175712727144
"214",214,0.0825487367258641,11.0375775534613
"215",215,0.0899471032355171,10.4866098138718
"216",216,0.0985041221274313,9.96322256335376
"217",217,0.108390761631284,9.46604285367823
"218",218,0.119808598012095,8.99376674258887
"219",219,0.13299501177174,8.5451559360437
"220",220,0.148229382983033,8.11903460235582
"221",221,0.165840464684389,7.71428635172756
"222",222,0.186215149288478,7.32985137497446
"223",223,0.209808885465641,6.96472373559379
"224",224,0.237158053313359,6.61794880973864
"225",225,0.26889466540958,6.28862086910835
"226",226,0.30576383244663,5.97588080225742
"227",227,0.348644516772531,5.67891397036089
"228",228,0.398574197957145,5.39694819405984
"229",229,0.456778194569937,5.12925186865471
"230",230,0.524704529403339,4.87513220563003
"231",231,0.604065395786665,4.63393359929827
"232",232,0.696886485606906,4.40503611826706
"233",233,0.805565681333981,4.18785412249314
"234",234,0.932942902005642,3.98183500792799
"235",235,1.08238323533073,3.7864580822392
"236",236,1.25787589490189,3.60123357687674
"237",237,1.46415202479963,3.42570180294116
"238",238,1.70682494744819,3.25943246102524
"239",239,1.99255713054783,3.10202411861298
"240",240,2.32925895389066,2.95310387295901
"241",241,2.7263253082902,2.81232722294891
"242",242,3.19491718111705,2.67937818068459
"243",243,3.74829670349866,2.55396966303454
"244",244,4.40222568351052,2.4358442159516
"245",245,5.17543946052769,2.32477514112251
"246",246,6.09021002261104,2.22056811706861
"247",247,7.17301476510863,2.12306343741764
"248",248,8.45533006429176,2.03213903093061
"249",249,9.97457201471964,1.94771448562713
"250",250,11.7752102336536,1.86975637974678
"251",251,13.9100845358119,1.79828533521667
"252",252,16.4419584326506,1.73338536948821
"253",253,19.4453476172518,1.67521635120669
"254",254,23.008665497869,1.62403069792967
"255",255,27.2367308065734,1.58019594212013
"256",256,32.2536832529165,1.54422551651129
"257",257,38.2063502966935,1.51682120136635
"258",258,45.2680983344636,1.49893234345488
"259",259,53.6431798341541,1.49183954300236
"260",260,63.5715456320952,1.49727458274122
"261",261,75.3340141639091,1.51759491306467
"262",262,89.257551829932,1.55604168408733
"263",263,105.720177483249,1.61712807114992
"264",264,125.154582312947,1.70723473428754
"265",265,148.048816274738,1.83554124765308
"266",266,174.9410824403,2.01551389420891
"267",267,206.403337105097,2.26733438182484
"268",268,243.004150698698,2.62195304547537
"269",269,285.233526108562,3.12800086618921
"270",270,333.358124162937,3.86381153961353
"271",271,387.149419325877,4.95865392959753
"272",272,445.381903296236,6.63046122259932
"273",273,504.927409564952,9.25202560052252
"274",274,559.196878280937,13.4610256401969
"275",275,595.762618772548,20.3153378746447
"276",276,593.883953592582,31.40268987436
"277",277,526.165208150832,48.4821089966686
"278",278,376.302260062764,71.5676025186587
"279",279,182.252206324868,94.9202729677706
"280",280,45.7083558564926,107.473688492717
"281",281,5.7255710394417,107.012449666916
"282",282,0.743611420603969,102.274534566243
"283",283,0.131808585320627,97.2368603498711
"284",284,0.0300037723473935,92.3878339853813
"285",285,0.00828469143121056,87.7712142696508
"286",286,0.00267005544978545,83.383380713595
"287",287,0.000977684038783845,79.2144343161654
"288",288,0.000398753965818552,75.2537900470452
"289",289,0.000178427286740903,71.4911305524402
"290",290,8.6553059583968e-05,67.9165867807866
"291",291,4.507978767699e-05,64.5207633201357
"292",292,2.50099221000976e-05,61.2947280627112
"293",293,1.46821427801664e-05,58.229993192552
"294",294,9.06916059478801e-06,55.3184943878655
"295",295,5.8660696190913e-06,52.5525701701645
"296",296,3.9565131901059e-06,49.9249419699333
"297",297,2.77252891393395e-06,47.4286950689654
"298",298,2.01206041243211e-06,45.0572604470145
"299",299,1.50789319453772e-06,42.8043975153217
"300",300,1.16402723634886e-06,40.6641777041001
"301",301,9.23490579705604e-07,38.6309688662293
"302",302,7.51435337318093e-07,36.6994204585932
"303",303,6.25949990864897e-07,34.8644494632408
"304",304,5.32905970807624e-07,33.1212270119021
"305",305,4.62982168617975e-07,31.4651656789575
"306",306,4.09900495921893e-07,29.8919074095774
"307",307,3.69353518393901e-07,28.3973120513513
"308",308,3.3833775088172e-07,26.9774464592724
"309",309,3.14730415462442e-07,25.6285741454362
"310",310,2.97015580669899e-07,24.3471454462305
"311",311,2.84103881380212e-07,23.1297881811505
"312",312,2.75212031678584e-07,21.9732987786642
"313",313,2.69781276018734e-07,20.8746338457783
"314",314,2.67421677669101e-07,19.830902159121
"315",315,2.67873881952082e-07,18.8393570564681
"316",316,2.70982941260524e-07,17.8973892086913
"317",317,2.76680657826073e-07,17.0025197531066
"318",318,2.84974105891384e-07,16.1523937701556
"319",319,2.95938787343105e-07,15.3447740862508
"320",320,3.09715406460336e-07,14.5775353864794
"321",321,3.26509614778269e-07,13.8486586216703
"322",322,3.4659433581635e-07,13.1562256951085
"323",323,3.70314469913159e-07,12.498414414913
"324",324,3.98093926807656e-07,11.8734936987957
"325",325,4.30445054854392e-07,11.2798190185826
"326",326,4.67980642663256e-07,10.7158280725088
"327",327,5.11428770115491e-07,10.1800366738982
"328",328,5.61650887779965e-07,9.67103484540966
"329",329,6.19663612269205e-07,9.18748310857092
"330",330,6.86664845015852e-07,8.72810895883552
"331",331,7.6406495816402e-07,8.29170351688703
"332",332,8.53523948789437e-07,7.87711834737808
"333",333,9.56995646977965e-07,7.48326243673248
"334",334,1.07678028060209e-06,7.10909932205731
"335",335,1.21558695709418e-06,6.75364436360938
"336",336,1.37660792850045e-06,6.41596215363855
"337",337,1.56360687050397e-06,6.09516405478889
"338",338,1.78102384067559e-06,5.79040586157989
"339",339,2.0341000999441e-06,5.50088557881374
"340",340,2.32902660087646e-06,5.22584131106241
"341",341,2.67312068679751e-06,4.96454925768041
"342",342,3.07503643094371e-06,4.71632180806723
"343",343,3.54501510333384e-06,4.48050573216673
"344",344,4.09518351908956e-06,4.25648046144186
"345",345,4.73990953655724e-06,4.04365645580083
"346",346,5.49622578589457e-06,3.84147365217736
"347",347,6.38433487764417e-06,3.64939999068209
"348",348,7.42821193674314e-06,3.46693001444698
"349",349,8.65632341492009e-06,3.29358353947772
"350",350,1.01024848547863e-05,3.12890439101416
"351",351,1.18068847335207e-05,2.97245920307316
"352",352,1.3817306848367e-05,2.82383627801499
"353",353,1.61905900946116e-05,2.68264450313205
"354",354,1.89943721383361e-05,2.54851232140905
"355",355,2.23091726516836e-05,2.42108675374599
"356",356,2.62308827580801e-05,2.30003247007113
"357",357,3.0873740489074e-05,2.18503090689945
"358",358,3.63738878150866e-05,2.07577942901456
"359",359,4.28936236973055e-05,1.971990533068
"360",360,5.06264902381659e-05,1.87339109100042
"361",361,5.98033561279911e-05,1.77972163129361
"362",362,7.06996940883399e-05,1.69073565616226
"363",363,8.36442879692586e-05,1.60619899288864
"364",364,9.90296518521392e-05,1.52588917759358
"365",365,0.000117324499482347,1.44959486982217
"366",366,0.000139088669453275,1.37711529640406
"367",367,0.000164990992001325,1.30825972312499
"368",368,0.000195830679706452,1.24284695281981
"369",369,0.000232562940012324,1.18070484856638
"370",370,0.000276329646106095,1.12166988072625
"371",371,0.000328496068915424,1.06558669664058
"372",372,0.000390694872289159,1.01230771184959
"373",373,0.000464878812425007,0.961692721760547
"374",374,0.00055338386920591,0.91360853274309
"375",375,0.000659004880799203,0.867928611682161
"376",376,0.000785086165046206,0.824532753067244
"377",377,0.000935630105484841,0.783306762743139
"378",378,0.00111542727269129,0.744142157491371
"379",379,0.00133021236265729,0.706935879653259
"380",380,0.00158685108672154,0.671590026045443
"381",381,0.00189356417043923,0.638011590456534
"382",382,0.00226019584564695,0.606112219049595
"383",383,0.00269853569158142,0.575807978029435
"384",384,0.00322270444609561,0.547019132966343
"385",385,0.00384961652539563,0.519669939199018
"386",386,0.00459953453061783,0.493688442769053
"387",387,0.00549673406634257,0.46900629136764
"388",388,0.00657030085102019,0.445558554802117
"389",389,0.00785508648370627,0.423283554515763
"390",390,0.009392854491169,0.402122701718903
"391",391,0.0112336545891544,0.382020343712982
"392",392,0.0134374706611122,0.362923618011921
"393",393,0.0160761970386421,0.344782313886794
"394",394,0.0192360085622357,0.327548740980868
"395",395,0.0230202029708223,0.31117760466221
"396",396,0.0275526098487937,0.295625887800719
"397",397,0.0329816791710747,0.280852738675431
"398",398,0.0394853850560765,0.266819364736581
"399",399,0.0472771074137214,0.253488931965109
"400",400,0.0566126866618187,0.240826469590318
"401",401,0.0677988856595545,0.228798779944265
"402",402,0.0812035397682606,0.217374353249372
"403",403,0.0972677320525259,0.206523287153842
"404",404,0.116520397945456,0.196217210847908
"405",405,0.13959584445963,0.186429213613004
"406",406,0.167254765916493,0.17713377767586
"407",407,0.200409454414581,0.168306715260588
"408",408,0.240154042727701,0.159925109754538
"409",409,0.287800784656829,0.151967260928453
"410",410,0.344923578618821,0.144412634178967
"411",411,0.413410181116797,0.137241813792598
"412",412,0.495524845709188,0.130436460266065
"413",413,0.593983469782544,0.12397927175961
"414",414,0.712043747358844,0.11785394980965
"415",415,0.853613325149978,0.112045169487231
"416",416,1.02337955768304,0.106538554262563
"417",417,1.22696517543428,0.101320655927972
"418",418,1.47111504135738,0.096378940047949
"419",419,1.76392020454511,0.0917017775539262
"420",420,2.11508669927193,0.0872784432944499
"421",421,2.53625802438086,0.0830991226042727
"422",422,3.04140202109179,0.0791549272905832
"423",423,3.64727500575174,0.075437922881895
"424",424,4.37397857839596,0.0719411695884132
"425",425,5.2456276027283,0.068658780243677
"426",426,6.29115153934581,0.065585999624309
"427",427,7.54525573259001,0.0627193111055896
"428",428,9.04957454669137,0.0600565787919736
"429",429,10.8540545911617,0.0575972363391722
"430",430,13.0186138739188,0.055342538069739
"431",431,15.6151318173632,0.0532958943001846
"432",432,18.7298359566876,0.051463321999997
"433",433,22.4661641522367,0.0498540554788433
"434",434,26.9481966887436,0.0484813820989435
"435",435,32.3247711682868,0.0473637988145408
"436",436,38.7744151623608,0.0465266328321546
"437",437,46.5112577650576,0.0460043441680875
"438",438,55.7921121189699,0.0458438468695975
"439",439,66.9249572923188,0.0461093795706311
"440",440,80.2790900681971,0.0468897788506394
"441",441,96.2972653940403,0.0483095586877357
"442",442,115.510197688908,0.0505461591473708
"443",443,138.553851258334,0.05385744802553
"444",444,166.189999941573,0.0586267324671363
"445",445,199.330568163234,0.0654385725090675
"446",446,239.066242717501,0.0752105517216375
"447",447,286.699688220873,0.0894303281483578
"448",448,343.783229393071,0.110598458938564
"449",449,412.159656317887,0.143090431371433
"450",450,494.001826551301,0.194912012819289
"451",451,591.839322958066,0.281453302527844
"452",452,708.541436229555,0.433955769413843
"453",453,847.17496703426,0.719733625063737
"454",454,1010.51255734024,1.29348725389737
"455",455,1199.54421768006,2.53589800402534
"456",456,1409.03384334253,5.45102489117909
"457",457,1614.03382648529,12.859152199194
"458",458,1729.28952548813,32.9713012186561
"459",459,1504.9781721944,88.3396619968595
"460",460,476.481176190232,216.871941941321
"461",461,0,309.363742823116
"462",462,0,293.89555568196
"463",463,0,279.200777897862
"464",464,0,265.240739002969
"465",465,0,251.97870205282
"466",466,0,239.379766950179
"467",467,0,227.41077860267
"468",468,0,216.040239672537
"469",469,0,205.23822768891
"470",470,0,194.976316304464
"471",471,0,185.227500489241
"472",472,0,175.966125464779
"473",473,0,167.16781919154
"474",474,0,158.809428231963
"475",475,0,150.868956820365
"476",476,0,143.325508979347
"477",477,0,136.159233530379
"478",478,0,129.35127185386
"479",479,0,122.883708261167
"480",480,0,116.739522848109
"481",481,0,110.902546705704
"482",482,0,105.357419370418
"483",483,0,100.089548401898
"484",484,0,95.0850709818026
"485",485,0,90.3308174327125
"486",486,0,85.8142765610769
"487",487,0,81.523562733023
"488",488,0,77.4473845963719
"489",489,0,73.5750153665533
"490",490,0,69.8962645982256
"491",491,0,66.4014513683144
"492",492,0,63.0813787998986
"493",493,0,59.9273098599037
"494",494,0,56.9309443669085
"495",495,0,54.0843971485631
"496",496,0,51.3801772911349
"497",497,0,48.8111684265782
"498",498,0,46.3706100052493
"499",499,0,44.0520795049868
"500",500,0,41.8494755297375
"501",501,0,39.7570017532506
"502",502,0,37.7691516655881
"503",503,0,35.8806940823087
"504",504,0,34.0866593781932
"505",505,0,32.3823264092836
"506",506,0,30.7632100888194
"507",507,0,29.2250495843784
"508",508,0,27.7637971051595
"509",509,0,26.3756072499015
"510",510,0,25.0568268874065
"511",511,0,23.8039855430361
"512",512,0,22.6137862658843
"513",513,0,21.4830969525901
"514",514,0,20.4089421049606
"515",515,0,19.3884949997126
"516",516,0,18.4190702497269
"517",517,0,17.4981167372406
"518",518,0,16.6232109003786
"519",519,0,15.7920503553596
"520",520,0,15.0024478375917
"521",521,0,14.2523254457121
"522",522,0,13.5397091734265
"523",523,0,12.8627237147551
"524",524,0,12.2195875290174
"525",525,0,11.6086081525665
"526",526,0,11.0281777449382
"527",527,0,10.4767688576913
"528",528,0,9.95293041480672
"529",529,0,9.45528389406639
"530",530,0,8.98251969936307
"531",531,0,8.53339371439491
"532",532,0,8.10672402867517
"533",533,0,7.70138782724141
"534",534,0,7.31631843587934
"535",535,0,6.95050251408537
"536",536,0,6.6029773883811
"537",537,0,6.27282851896205
"538",538,0,5.95918709301394
"539",539,0,5.66122773836325
"540",540,0,5.37816635144508
"541",541,0,5.10925803387283
"542",542,0,4.85379513217919
"543",543,0,4.61110537557023
"544",544,0,4.38055010679172
"545",545,0,4.16152260145213
"546",546,0,3.95344647137953
"547",547,0,3.75577414781055
"548",548,0,3.56798544042002
"549",549,0,3.38958616839902
"550",550,0,3.22010685997907
"551",551,0,3.05910151698012
"552",552,0,2.90614644113111
"553",553,0,2.76083911907455
"554",554,0,2.62279716312083
"555",555,0,2.49165730496479
"556",556,0,2.36707443971655
"557",557,0,2.24872071773072
"558",558,0,2.13628468184418
"559",559,0,2.02947044775197
"560",560,0,1.92799692536437
"561",561,0,1.83159707909616
"562",562,0,1.74001722514135
"563",563,0,1.65301636388428
"564",564,0,1.57036554569007
"565",565,0,1.49184726840556
"566",566,0,1.41725490498529
"567",567,0,1.34639215973602
"568",568,0,1.27907255174922
"569",569,0,1.21511892416176
"570",570,0,1.15436297795367
"571",571,0,1.09664482905599
"572",572,0,1.04181258760319
"573",573,0,0.989721958223029
"574",574,0,0.940235860311877
"575",575,0,0.893224067296284
"576",576,0,0.848562863931469
"577",577,0,0.806134720734896
"578",578,0,0.765827984698151
"579",579,0,0.727536585463244
"580",580,0,0.691159756190081
"581",581,0,0.656601768380577
"582",582,0,0.623771679961548
"583",583,0,0.592583095963471
"584",584,0,0.562953941165297
"585",585,0,0.534806244107032
"586",586,0,0.508065931901681
"587",587,0,0.482662635306597
"588",588,0,0.458529503541267
"589",589,0,0.435603028364204
"590",590,0,0.413822876945993
"591",591,0,0.393131733098694
"592",592,0,0.373475146443759
"593",593,0,0.354801389121571
"594",594,0,0.337061319665493
"595",595,0,0.320208253682218
"596",596,0,0.304197840998107
"597",597,0,0.288987948948202
"598",598,0,0.274538551500792
"599",599,0,0.260811623925752
"600",600,0,0.247771042729464
"601",601,0,0.235382490592991
"602",602,0,0.223613366063342
"603",603,0,0.212432697760175
"604",604,0,0.201811062872166
"605",605,0,0.191720509728558
"606",606,0,0.18213448424213
"607",607,0,0.173027760030023
"608",608,0,0.164376372028522
"609",609,0,0.156157553427096
"610",610,0,0.148349675755741
"611",611,0,0.140932191967954
"612",612,0,0.133885582369556
"613",613,0,0.127191303251079
"614",614,0,0.120831738088525
"615",615,0,0.114790151184098
"616",616,0,0.109050643624893
"617",617,0,0.103598111443649
"618",618,0,0.0984182058714664
"619",619,0,0.093497295577893
"620",620,0,0.0888224307989984
"621",621,0,0.0843813092590485
"622",622,0,0.080162243796096
"623",623,0,0.0761541316062912
"624",624,0,0.0723464250259767
"625",625,0,0.0687291037746778
"626",626,0,0.0652926485859439
"627",627,0,0.0620280161566467
"628",628,0,0.0589266153488144
"629",629,0,0.0559802845813737
"630",630,0,0.053181270352305
"631",631,0,0.0505222068346897
"632",632,0,0.0479960964929553
"633",633,0,0.0455962916683075
"634",634,0,0.0433164770848921
"635",635,0,0.0411506532306475
"636",636,0,0.0390931205691151
"637",637,0,0.0371384645406594
"638",638,0,0.0352815413136264
"639",639,0,0.0335174642479451
"640",640,0,0.0318415910355478
"641",641,0,0.0302495114837704
"642",642,0,0.0287370359095819
"643",643,0,0.0273001841141028
"644",644,0,0.0259351749083977
"645",645,0,0.0246384161629778
"646",646,0,0.0234064953548289
"647",647,0,0.0222361705870875
"648",648,0,0.0211243620577331
"649",649,0,0.0200681439548464
"650",650,0,0.0190647367571041
"651",651,0,0.0181114999192489
"652",652,0,0.0172059249232865
"653",653,0,0.0163456286771221
"654",654,0,0.015528347243266
"655",655,0,0.0147519298811027
"656",656,0,0.0140143333870476
"657",657,0,0.0133136167176952
"658",658,0,0.0126479358818105
"659",659,0,0.0120155390877199
"660",660,0,0.0114147621333339
"661",661,0,0.0108440240266672
"662",662,0,0.0103018228253339
"663",663,0,0.00978673168406718
"664",664,0,0.00929739509986383
"665",665,0,0.00883252534487063
"666",666,0,0.0083908990776271
"667",667,0,0.00797135412374575
"668",668,0,0.00757278641755846
"669",669,0,0.00719414709668054
"670",670,0,0.00683443974184651
"671",671,0,0.00649271775475418
"672",672,0,0.00616808186701648
"673",673,0,0.00585967777366565
"674",674,0,0.00556669388498237
"675",675,0,0.00528835919073325
"676",676,0,0.00502394123119659
"677",677,0,0.00477274416963676
"678",678,0,0.00453410696115492
"679",679,0,0.00430740161309718
"680",680,0,0.00409203153244232
"681",681,0,0.0038874299558202
"682",682,0,0.00369305845802919
"683",683,0,0.00350840553512773
"684",684,0,0.00333298525837134
"685",685,0,0.00316633599545278
"686",686,0,0.00300801919568014
"687",687,0,0.00285761823589613
"688",688,0,0.00271473732410133
"689",689,0,0.00257900045789626
"690",690,0,0.00245005043500145
"691",691,0,0.00232754791325137
"692",692,0,0.0022111705175888
"693",693,0,0.00210061199170936
"694",694,0,0.0019955813921239
"695",695,0,0.0018958023225177
"696",696,0,0.00180101220639182
"697",697,0,0.00171096159607223
"698",698,0,0.00162541351626861
"699",699,0,0.00154414284045518
"700",700,0,0.00146693569843242
"701",701,0,0.0013935889135108
"702",702,0,0.00132390946783526
"703",703,0,0.0012577139944435
"704",704,0,0.00119482829472132
"705",705,0,0.00113508687998526
"706",706,0,0.001078332535986
"707",707,0,0.0010244159091867
"708",708,0,0.000973195113727361
"709",709,0,0.000924535358040993
"710",710,0,0.000878308590138943
"711",711,0,0.000834393160631996
"712",712,0,0.000792673502600396
"713",713,0,0.000753039827470377
"714",714,0,0.000715387836096858
"715",715,0,0.000679618444292015
"716",716,0,0.000645637522077414
"717",717,0,0.000613355645973543
"718",718,0,0.000582687863674866
"719",719,0,0.000553553470491123
"720",720,0,0.000525875796966567
"721",721,0,0.000499582007118238
"722",722,0,0.000474602906762327
"723",723,0,0.00045087276142421
"724",724,0,0.000428329123353
"725",725,0,0.00040691266718535
"726",726,0,0.000386567033826082
"727",727,0,0.000367238682134778
"728",728,0,0.000348876748028039
"729",729,0,0.000331432910626637
"730",730,0,0.000314861265095305
"731",731,0,0.00029911820184054
"732",732,0,0.000284162291748513
"733",733,0,0.000269954177161087
"734",734,0,0.000256456468303033
"735",735,0,0.000243633644887881
"736",736,0,0.000231451962643487
"737",737,0,0.000219879364511313
"738",738,0,0.000208885396285747
"739",739,0,0.00019844112647146
"740",740,0,0.000188519070147887
"741",741,0,0.000179093116640493
"742",742,0,0.000170138460808468
"743",743,0,0.000161631537768045
"744",744,0,0.000153549960879642
"745",745,0,0.00014587246283566
"746",746,0,0.000138578839693877
"747",747,0,0.000131649897709183
"748",748,0,0.000125067402823724
"749",749,0,0.000118814032682538
"750",750,0,0.000112873331048411
"751",751,0,0.000107229664495991
"752",752,0,0.000101868181271191
"753",753,0,9.67747722076314e-05
"754",754,0,9.19360335972499e-05
"755",755,0,8.73392319173874e-05
"756",756,0,8.2972270321518e-05
"757",757,0,7.88236568054421e-05
"758",758,0,7.488247396517e-05
"759",759,0,7.11383502669115e-05
"760",760,0,6.75814327535659e-05
"761",761,0,6.42023611158876e-05
"762",762,0,6.09922430600933e-05
"763",763,0,5.79426309070886e-05
"764",764,0,5.50454993617342e-05
"765",765,0,5.22932243936475e-05
"766",766,0,4.96785631739651e-05
"767",767,0,4.71946350152668e-05
"768",768,0,4.48349032645035e-05
"769",769,0,4.25931581012783e-05
"770",770,0,4.04635001962144e-05
"771",771,0,3.84403251864037e-05
"772",772,0,3.65183089270835e-05
"773",773,0,3.46923934807293e-05
"774",774,0,3.29577738066929e-05
"775",775,0,3.13098851163582e-05
"776",776,0,2.97443908605403e-05
"777",777,0,2.82571713175133e-05
"778",778,0,2.68443127516376e-05
"779",779,0,2.55020971140557e-05
"780",780,0,2.4226992258353e-05
"781",781,0,2.30156426454353e-05
"782",782,0,2.18648605131635e-05
"783",783,0,2.07716174875054e-05
"784",784,0,1.97330366131301e-05
"785",785,0,1.87463847824736e-05
"786",786,0,1.78090655433499e-05
"787",787,0,1.69186122661824e-05
"788",788,0,1.60726816528733e-05
"789",789,0,1.52690475702296e-05
"790",790,0,1.45055951917181e-05
"791",791,0,1.37803154321322e-05
"792",792,0,1.30912996605256e-05
"793",793,0,1.24367346774993e-05
"794",794,0,1.18148979436244e-05
"795",795,0,1.12241530464432e-05
"796",796,0,1.0662945394121e-05
"797",797,0,1.0129798124415e-05
"798",798,0,9.6233082181942e-06
"799",799,0,9.14214280728449e-06
"800",800,0,8.68503566692027e-06
"801",801,0,8.25078388357426e-06
"802",802,0,7.83824468939554e-06
"803",803,0,7.44633245492577e-06
"804",804,0,7.07401583217948e-06
"805",805,0,6.7203150405705e-06
"806",806,0,6.38429928854198e-06
"807",807,0,6.06508432411488e-06
"808",808,0,5.76183010790913e-06
"809",809,0,5.47373860251368e-06
"810",810,0,5.20005167238799e-06
"811",811,0,4.94004908876859e-06
"812",812,0,4.69304663433017e-06
"813",813,0,4.45839430261366e-06
"814",814,0,4.23547458748297e-06
"815",815,0,4.02370085810883e-06
"816",816,0,3.82251581520338e-06
"817",817,0,3.63139002444321e-06
"818",818,0,3.44982052322105e-06
"819",819,0,3.27732949706e-06
"820",820,0,3.113463022207e-06
"821",821,0,2.95778987109665e-06
"822",822,0,2.80990037754182e-06
"823",823,0,2.66940535866473e-06
"824",824,0,2.53593509073149e-06
"825",825,0,2.40913833619492e-06
"826",826,0,2.28868141938517e-06
"827",827,0,2.17424734841591e-06
"828",828,0,2.06553498099512e-06
"829",829,0,1.96225823194536e-06
"830",830,0,1.86414532034809e-06
"831",831,0,1.77093805433069e-06
"832",832,0,1.68239115161415e-06
"833",833,0,1.59827159403345e-06
"834",834,0,1.51835801433177e-06
"835",835,0,1.44244011361519e-06
"836",836,0,1.37031810793443e-06
"837",837,0,1.3018022025377e-06
"838",838,0,1.23671209241082e-06
"839",839,0,1.17487648779028e-06
"840",840,0,1.11613266340076e-06
"841",841,0,1.06032603023073e-06
"842",842,0,1.00730972871919e-06
"843",843,0,9.56944242283231e-07
"844",844,0,9.09097030169069e-07
"845",845,0,8.63642178660616e-07
"846",846,0,8.20460069727585e-07
"847",847,0,7.79437066241206e-07
"848",848,0,7.40465212929145e-07
"849",849,0,7.03441952282688e-07
"850",850,0,6.68269854668554e-07
"851",851,0,6.34856361935126e-07
"852",852,0,6.0311354383837e-07
"853",853,0,5.72957866646451e-07
"854",854,0,5.44309973314129e-07
"855",855,0,5.17094474648422e-07
"856",856,0,4.91239750916001e-07
"857",857,0,4.66677763370201e-07
"858",858,0,4.43343875201691e-07
"859",859,0,4.21176681441606e-07
"860",860,0,4.00117847369526e-07
"861",861,0,3.8011195500105e-07
"862",862,0,3.61106357250997e-07
"863",863,0,3.43051039388447e-07
"864",864,0,3.25898487419025e-07
"865",865,0,3.09603563048074e-07
"866",866,0,2.9412338489567e-07
"867",867,0,2.79417215650887e-07
"868",868,0,2.65446354868342e-07
"869",869,0,2.52174037124925e-07
"870",870,0,2.39565335268679e-07
"871",871,0,2.27587068505245e-07
"872",872,0,2.16207715079983e-07
"873",873,0,2.05397329325984e-07
"874",874,0,1.95127462859684e-07
"875",875,0,1.853710897167e-07
"876",876,0,1.76102535230865e-07
"877",877,0,1.67297408469322e-07
"878",878,0,1.58932538045856e-07
"879",879,0,1.50985911143563e-07
"880",880,0,1.43436615586385e-07
"881",881,0,1.36264784807066e-07
"882",882,0,1.29451545566712e-07
"883",883,0,1.22978968288377e-07
"884",884,0,1.16830019873958e-07
"885",885,0,1.1098851888026e-07
"886",886,0,1.05439092936247e-07
"887",887,0,1.00167138289435e-07
"888",888,0,9.51587813749629e-08
"889",889,0,9.04008423062148e-08
"890",890,0,8.5880800190904e-08
"891",891,0,8.15867601813588e-08
"892",892,0,7.75074221722909e-08
"893",893,0,7.36320510636764e-08
"894",894,0,6.99504485104925e-08
"895",895,0,6.64529260849679e-08
"896",896,0,6.31302797807195e-08
"897",897,0,5.99737657916836e-08
"898",898,0,5.69750775020994e-08
"899",899,0,5.41263236269944e-08
"900",900,0,5.14200074456447e-08
"901",901,0,4.88490070733625e-08
"902",902,0,4.64065567196943e-08
"903",903,0,4.40862288837096e-08
"904",904,0,4.18819174395241e-08
"905",905,0,3.97878215675479e-08
"906",906,0,3.77984304891705e-08
"907",907,0,3.5908508964712e-08
"908",908,0,3.41130835164764e-08
"909",909,0,3.24074293406526e-08
"910",910,0,3.078705787362e-08
"911",911,0,2.9247704979939e-08
"912",912,0,2.7785319730942e-08
"913",913,0,2.63960537443949e-08
"914",914,0,2.50762510571752e-08
"915",915,0,2.38224385043164e-08
"916",916,0,2.26313165791006e-08
"917",917,0,2.14997507501456e-08
"918",918,0,2.04247632126383e-08
"919",919,0,1.94035250520064e-08
"920",920,0,1.8433348799406e-08
"921",921,0,1.75116813594357e-08
"922",922,0,1.6636097291464e-08
"923",923,0,1.58042924268908e-08
"924",924,0,1.50140778055462e-08
"925",925,0,1.42633739152689e-08
"926",926,0,1.35502052195055e-08
"927",927,0,1.28726949585302e-08
"928",928,0,1.22290602106037e-08
"929",929,0,1.16176072000735e-08
"930",930,0,1.10367268400698e-08
"931",931,0,1.04848904980663e-08
"932",932,0,9.96064597316302e-09
"933",933,0,9.46261367450487e-09
"934",934,0,8.98948299077962e-09
"935",935,0,8.54000884124064e-09
"936",936,0,8.11300839917861e-09
"937",937,0,7.70735797921968e-09
"938",938,0,7.32199008025869e-09
"939",939,0,6.95589057624576e-09
"940",940,0,6.60809604743347e-09
"941",941,0,6.2776912450618e-09
"942",942,0,5.96380668280871e-09
"943",943,0,5.66561634866827e-09
"944",944,0,5.38233553123486e-09
"945",945,0,5.11321875467311e-09
"946",946,0,4.85755781693946e-09
"947",947,0,4.61467992609249e-09
"948",948,0,4.38394592978786e-09
"949",949,0,4.16474863329847e-09
"950",950,0,3.95651120163355e-09
"951",951,0,3.75868564155187e-09
"952",952,0,3.57075135947428e-09
"953",953,0,3.39221379150056e-09
"954",954,0,3.22260310192553e-09
"955",955,0,3.06147294682926e-09
"956",956,0,2.90839929948779e-09
"957",957,0,2.7629793345134e-09
"958",958,0,2.62483036778773e-09
"959",959,0,2.49358884939835e-09
"960",960,0,2.36890940692843e-09
"961",961,0,2.25046393658201e-09
"962",962,0,2.13794073975291e-09
"963",963,0,2.03104370276526e-09
"964",964,0,1.929491517627e-09
"965",965,0,1.83301694174565e-09
"966",966,0,1.74136609465837e-09
"967",967,0,1.65429778992545e-09
"968",968,0,1.57158290042918e-09
"969",969,0,1.49300375540772e-09
"970",970,0,1.41835356763733e-09
"971",971,0,1.34743588925546e-09
"972",972,0,1.28006409479269e-09
"973",973,0,1.21606089005306e-09
"974",974,0,1.1552578455504e-09
"975",975,0,1.09749495327288e-09
"976",976,0,1.04262020560924e-09
"977",977,0,9.90489195328777e-10
"978",978,0,9.40964735562339e-10
"979",979,0,8.93916498784222e-10
"980",980,0,8.49220673845011e-10
"981",981,0,8.0675964015276e-10
"982",982,0,7.66421658145122e-10
"983",983,0,7.28100575237866e-10
"984",984,0,6.91695546475973e-10
"985",985,0,6.57110769152174e-10
"986",986,0,6.24255230694565e-10
"987",987,0,5.93042469159837e-10
"988",988,0,5.63390345701845e-10
"989",989,0,5.35220828416753e-10
"990",990,0,5.08459786995915e-10
"991",991,0,4.83036797646119e-10
"992",992,0,4.58884957763813e-10
"993",993,0,4.35940709875623e-10
"994",994,0,4.14143674381842e-10
"995",995,0,3.9343649066275e-10
"996",996,0,3.73764666129612e-10
"997",997,0,3.55076432823131e-10
"998",998,0,3.37322611181975e-10
"999",999,0,3.20456480622876e-10
"1000",1000,0,3.04433656591732e-10
